-- phpMyAdmin SQL Dump
-- version 5.2.1
-- https://www.phpmyadmin.net/
--
-- Máy chủ: 127.0.0.1
-- Thời gian đã tạo: Th12 29, 2023 lúc 07:28 AM
-- Phiên bản máy phục vụ: 10.4.28-MariaDB
-- Phiên bản PHP: 8.0.28

SET SQL_MODE = "NO_AUTO_VALUE_ON_ZERO";
START TRANSACTION;
SET time_zone = "+00:00";


/*!40101 SET @OLD_CHARACTER_SET_CLIENT=@@CHARACTER_SET_CLIENT */;
/*!40101 SET @OLD_CHARACTER_SET_RESULTS=@@CHARACTER_SET_RESULTS */;
/*!40101 SET @OLD_COLLATION_CONNECTION=@@COLLATION_CONNECTION */;
/*!40101 SET NAMES utf8mb4 */;

--
-- Cơ sở dữ liệu: `do_an`
--

-- --------------------------------------------------------

--
-- Cấu trúc bảng cho bảng `tbl_admin`
--

CREATE TABLE `tbl_admin` (
  `id_admin` int(11) NOT NULL,
  `username` varchar(100) NOT NULL,
  `password` varchar(100) NOT NULL,
  `admin_status` int(11) NOT NULL
) ENGINE=InnoDB DEFAULT CHARSET=utf8mb4 COLLATE=utf8mb4_vietnamese_ci;

--
-- Đang đổ dữ liệu cho bảng `tbl_admin`
--

INSERT INTO `tbl_admin` (`id_admin`, `username`, `password`, `admin_status`) VALUES
(1, 'admin', '202cb962ac59075b964b07152d234b70', 1);

-- --------------------------------------------------------

--
-- Cấu trúc bảng cho bảng `tbl_cart`
--

CREATE TABLE `tbl_cart` (
  `id_cart` int(11) NOT NULL,
  `id_khachhang` int(11) NOT NULL,
  `code_cart` varchar(10) NOT NULL,
  `cart_status` int(11) NOT NULL
) ENGINE=InnoDB DEFAULT CHARSET=utf8mb4 COLLATE=utf8mb4_vietnamese_ci;

--
-- Đang đổ dữ liệu cho bảng `tbl_cart`
--

INSERT INTO `tbl_cart` (`id_cart`, `id_khachhang`, `code_cart`, `cart_status`) VALUES
(1, 15, '4620', 0),
(2, 15, '529', 0);

-- --------------------------------------------------------

--
-- Cấu trúc bảng cho bảng `tbl_cart_details`
--

CREATE TABLE `tbl_cart_details` (
  `id_cart_details` int(11) NOT NULL,
  `code_cart` varchar(10) NOT NULL,
  `id_sanpham` int(11) NOT NULL,
  `soluongmua` int(11) NOT NULL
) ENGINE=InnoDB DEFAULT CHARSET=utf8mb4 COLLATE=utf8mb4_vietnamese_ci;

--
-- Đang đổ dữ liệu cho bảng `tbl_cart_details`
--

INSERT INTO `tbl_cart_details` (`id_cart_details`, `code_cart`, `id_sanpham`, `soluongmua`) VALUES
(1, '4620', 12, 2),
(2, '529', 10, 1);

-- --------------------------------------------------------

--
-- Cấu trúc bảng cho bảng `tbl_dangky`
--

CREATE TABLE `tbl_dangky` (
  `id_dangky` int(11) NOT NULL,
  `tenkhachhang` varchar(200) NOT NULL,
  `email` varchar(100) NOT NULL,
  `diachi` varchar(200) NOT NULL,
  `matkhau` varchar(100) NOT NULL,
  `dienthoai` varchar(20) NOT NULL
) ENGINE=InnoDB DEFAULT CHARSET=utf8mb4 COLLATE=utf8mb4_vietnamese_ci;

--
-- Đang đổ dữ liệu cho bảng `tbl_dangky`
--

INSERT INTO `tbl_dangky` (`id_dangky`, `tenkhachhang`, `email`, `diachi`, `matkhau`, `dienthoai`) VALUES
(5, 'hieu', 'abcdfbbb@gmail.com', 'dđ', '202cb962ac59075b964b07152d234b70', '13212312'),
(7, 'hieu', 'phcuong11.7@gmail.com', 'dđ', '202cb962ac59075b964b07152d234b70', '13212312'),
(8, 'cuong1', '0993721123', 'đà nẵng', '63bd0c8bfda4446b77b26a35754c53fc', '0906111582'),
(9, 'Phan Cường', 'cuong1', 'đà nẵng', 'c4ca4238a0b923820dcc509a6f75849b', '0993721123'),
(14, 'Phan ', '', '', 'd41d8cd98f00b204e9800998ecf8427e', ''),
(15, 'Phan Cường', 'phancuong200399@gmail.com', 'đà nẵng', 'c4ca4238a0b923820dcc509a6f75849b', '1');

-- --------------------------------------------------------

--
-- Cấu trúc bảng cho bảng `tbl_danhmuc`
--

CREATE TABLE `tbl_danhmuc` (
  `id_danhmuc` int(11) NOT NULL,
  `tendanhmuc` varchar(100) NOT NULL,
  `thutu` int(11) NOT NULL
) ENGINE=InnoDB DEFAULT CHARSET=utf8mb4 COLLATE=utf8mb4_vietnamese_ci;

--
-- Đang đổ dữ liệu cho bảng `tbl_danhmuc`
--

INSERT INTO `tbl_danhmuc` (`id_danhmuc`, `tendanhmuc`, `thutu`) VALUES
(1, 'Iphone', 1),
(3, 'OPPO', 2),
(4, 'SAM SUNG', 3),
(5, 'NOKIA', 5),
(9, 'HUAWEI ', 5);

-- --------------------------------------------------------

--
-- Cấu trúc bảng cho bảng `tbl_sanpham`
--

CREATE TABLE `tbl_sanpham` (
  `id_sanpham` int(11) NOT NULL,
  `tensanpham` varchar(250) NOT NULL,
  `masp` varchar(100) NOT NULL,
  `giasp` varchar(50) NOT NULL,
  `soluong` int(11) NOT NULL,
  `hinhanh` varchar(50) NOT NULL,
  `tomtat` text NOT NULL,
  `noidung` text NOT NULL,
  `tinhtrang` int(11) NOT NULL,
  `id_danhmuc` int(11) NOT NULL
) ENGINE=InnoDB DEFAULT CHARSET=utf8mb4 COLLATE=utf8mb4_vietnamese_ci;

--
-- Đang đổ dữ liệu cho bảng `tbl_sanpham`
--

INSERT INTO `tbl_sanpham` (`id_sanpham`, `tensanpham`, `masp`, `giasp`, `soluong`, `hinhanh`, `tomtat`, `noidung`, `tinhtrang`, `id_danhmuc`) VALUES
(7, 'cuong 1   ', '12333', '1100000', 1111, '1703412567_ip15.webp', '', '', 0, 6),
(8, 'NOKIA  ', '123', '1212112121', 1, '1703412538_nb1.webp', '', '', 1, 5),
(9, 'IPHONE 14', '3', '500000', 1, '1703413170_ip14.webp', 'DEP', 'ZZZ', 1, 1),
(10, 'SAMSUNG ', '3', '500000', 1, '1703467375_nb2.webp', '', '', 1, 4),
(11, 'IPHONE 11  ', '3333344', '500000', 1, '1703413363_nb1.webp', '', '', 1, 1),
(12, 'SAMSUNG ', '3', '500000', 1, '1703467392_sámungglxs23.webp', '', '', 1, 4),
(14, '', '', '', 0, '1703646671_', '', '', 1, 9);

--
-- Chỉ mục cho các bảng đã đổ
--

--
-- Chỉ mục cho bảng `tbl_admin`
--
ALTER TABLE `tbl_admin`
  ADD PRIMARY KEY (`id_admin`);

--
-- Chỉ mục cho bảng `tbl_cart`
--
ALTER TABLE `tbl_cart`
  ADD PRIMARY KEY (`id_cart`);

--
-- Chỉ mục cho bảng `tbl_cart_details`
--
ALTER TABLE `tbl_cart_details`
  ADD PRIMARY KEY (`id_cart_details`);

--
-- Chỉ mục cho bảng `tbl_dangky`
--
ALTER TABLE `tbl_dangky`
  ADD PRIMARY KEY (`id_dangky`);

--
-- Chỉ mục cho bảng `tbl_danhmuc`
--
ALTER TABLE `tbl_danhmuc`
  ADD PRIMARY KEY (`id_danhmuc`);

--
-- Chỉ mục cho bảng `tbl_sanpham`
--
ALTER TABLE `tbl_sanpham`
  ADD PRIMARY KEY (`id_sanpham`);

--
-- AUTO_INCREMENT cho các bảng đã đổ
--

--
-- AUTO_INCREMENT cho bảng `tbl_admin`
--
ALTER TABLE `tbl_admin`
  MODIFY `id_admin` int(11) NOT NULL AUTO_INCREMENT, AUTO_INCREMENT=2;

--
-- AUTO_INCREMENT cho bảng `tbl_cart`
--
ALTER TABLE `tbl_cart`
  MODIFY `id_cart` int(11) NOT NULL AUTO_INCREMENT, AUTO_INCREMENT=3;

--
-- AUTO_INCREMENT cho bảng `tbl_cart_details`
--
ALTER TABLE `tbl_cart_details`
  MODIFY `id_cart_details` int(11) NOT NULL AUTO_INCREMENT, AUTO_INCREMENT=3;

--
-- AUTO_INCREMENT cho bảng `tbl_dangky`
--
ALTER TABLE `tbl_dangky`
  MODIFY `id_dangky` int(11) NOT NULL AUTO_INCREMENT, AUTO_INCREMENT=16;

--
-- AUTO_INCREMENT cho bảng `tbl_danhmuc`
--
ALTER TABLE `tbl_danhmuc`
  MODIFY `id_danhmuc` int(11) NOT NULL AUTO_INCREMENT, AUTO_INCREMENT=12;

--
-- AUTO_INCREMENT cho bảng `tbl_sanpham`
--
ALTER TABLE `tbl_sanpham`
  MODIFY `id_sanpham` int(11) NOT NULL AUTO_INCREMENT, AUTO_INCREMENT=15;
COMMIT;

/*!40101 SET CHARACTER_SET_CLIENT=@OLD_CHARACTER_SET_CLIENT */;
/*!40101 SET CHARACTER_SET_RESULTS=@OLD_CHARACTER_SET_RESULTS */;
/*!40101 SET COLLATION_CONNECTION=@OLD_COLLATION_CONNECTION */;
